<annotation>
	<folder>images</folder>
	<filename>320.jpg</filename>
	<path>C:\Users\lvadlapa\Desktop\trolley\images\320.jpg</path>
	<source>
		<database>Unknown</database>
	</source>
	<size>
		<width>1500</width>
		<height>1000</height>
		<depth>3</depth>
	</size>
	<segmented>0</segmented>
	<object>
		<name>ab_trolley</name>
		<pose>Unspecified</pose>
		<truncated>0</truncated>
		<difficult>0</difficult>
		<bndbox>
			<xmin>819</xmin>
			<ymin>234</ymin>
			<xmax>1361</xmax>
			<ymax>968</ymax>
		</bndbox>
	</object>
	<object>
		<name>StackTrolley</name>
		<pose>Unspecified</pose>
		<truncated>0</truncated>
		<difficult>0</difficult>
		<bndbox>
			<xmin>177</xmin>
			<ymin>125</ymin>
			<xmax>704</xmax>
			<ymax>727</ymax>
		</bndbox>
	</object>
	<object>
		<name>ab_trolley</name>
		<pose>Unspecified</pose>
		<truncated>0</truncated>
		<difficult>0</difficult>
		<bndbox>
			<xmin>652</xmin>
			<ymin>181</ymin>
			<xmax>1078</xmax>
			<ymax>694</ymax>
		</bndbox>
	</object>
</annotation>
