<annotation>
	<folder>images</folder>
	<filename>321.jpg</filename>
	<path>C:\Users\lvadlapa\Desktop\trolley\images\321.jpg</path>
	<source>
		<database>Unknown</database>
	</source>
	<size>
		<width>1300</width>
		<height>958</height>
		<depth>3</depth>
	</size>
	<segmented>0</segmented>
	<object>
		<name>ab_trolley</name>
		<pose>Unspecified</pose>
		<truncated>0</truncated>
		<difficult>0</difficult>
		<bndbox>
			<xmin>610</xmin>
			<ymin>257</ymin>
			<xmax>1026</xmax>
			<ymax>801</ymax>
		</bndbox>
	</object>
</annotation>
