<annotation>
	<folder>images</folder>
	<filename>323.jpg</filename>
	<path>C:\Users\lvadlapa\Desktop\trolley\images\323.jpg</path>
	<source>
		<database>Unknown</database>
	</source>
	<size>
		<width>612</width>
		<height>408</height>
		<depth>3</depth>
	</size>
	<segmented>0</segmented>
	<object>
		<name>ab_trolley</name>
		<pose>Unspecified</pose>
		<truncated>1</truncated>
		<difficult>0</difficult>
		<bndbox>
			<xmin>163</xmin>
			<ymin>7</ymin>
			<xmax>556</xmax>
			<ymax>408</ymax>
		</bndbox>
	</object>
</annotation>
