<annotation>
	<folder>images</folder>
	<filename>325.jpg</filename>
	<path>C:\Users\lvadlapa\Desktop\trolley\images\325.jpg</path>
	<source>
		<database>Unknown</database>
	</source>
	<size>
		<width>681</width>
		<height>450</height>
		<depth>3</depth>
	</size>
	<segmented>0</segmented>
	<object>
		<name>ab_trolley</name>
		<pose>Unspecified</pose>
		<truncated>0</truncated>
		<difficult>0</difficult>
		<bndbox>
			<xmin>434</xmin>
			<ymin>132</ymin>
			<xmax>590</xmax>
			<ymax>367</ymax>
		</bndbox>
	</object>
</annotation>
