<annotation>
	<folder>images</folder>
	<filename>326.jpg</filename>
	<path>C:\Users\lvadlapa\Desktop\trolley\images\326.jpg</path>
	<source>
		<database>Unknown</database>
	</source>
	<size>
		<width>892</width>
		<height>344</height>
		<depth>3</depth>
	</size>
	<segmented>0</segmented>
	<object>
		<name>ab_trolley</name>
		<pose>Unspecified</pose>
		<truncated>0</truncated>
		<difficult>0</difficult>
		<bndbox>
			<xmin>12</xmin>
			<ymin>49</ymin>
			<xmax>269</xmax>
			<ymax>314</ymax>
		</bndbox>
	</object>
	<object>
		<name>StackTrolley</name>
		<pose>Unspecified</pose>
		<truncated>0</truncated>
		<difficult>0</difficult>
		<bndbox>
			<xmin>298</xmin>
			<ymin>51</ymin>
			<xmax>396</xmax>
			<ymax>309</ymax>
		</bndbox>
	</object>
	<object>
		<name>StackTrolley</name>
		<pose>Unspecified</pose>
		<truncated>0</truncated>
		<difficult>0</difficult>
		<bndbox>
			<xmin>394</xmin>
			<ymin>51</ymin>
			<xmax>474</xmax>
			<ymax>314</ymax>
		</bndbox>
	</object>
	<object>
		<name>StackTrolley</name>
		<pose>Unspecified</pose>
		<truncated>0</truncated>
		<difficult>0</difficult>
		<bndbox>
			<xmin>479</xmin>
			<ymin>52</ymin>
			<xmax>568</xmax>
			<ymax>309</ymax>
		</bndbox>
	</object>
	<object>
		<name>Trolleys</name>
		<pose>Unspecified</pose>
		<truncated>0</truncated>
		<difficult>0</difficult>
		<bndbox>
			<xmin>289</xmin>
			<ymin>47</ymin>
			<xmax>710</xmax>
			<ymax>312</ymax>
		</bndbox>
	</object>
</annotation>
