<annotation>
	<folder>images</folder>
	<filename>327.jpg</filename>
	<path>C:\Users\lvadlapa\Desktop\trolley\images\327.jpg</path>
	<source>
		<database>Unknown</database>
	</source>
	<size>
		<width>634</width>
		<height>483</height>
		<depth>3</depth>
	</size>
	<segmented>0</segmented>
	<object>
		<name>ab_trolley</name>
		<pose>Unspecified</pose>
		<truncated>0</truncated>
		<difficult>0</difficult>
		<bndbox>
			<xmin>488</xmin>
			<ymin>83</ymin>
			<xmax>631</xmax>
			<ymax>287</ymax>
		</bndbox>
	</object>
	<object>
		<name>ab_trolley</name>
		<pose>Unspecified</pose>
		<truncated>0</truncated>
		<difficult>0</difficult>
		<bndbox>
			<xmin>276</xmin>
			<ymin>125</ymin>
			<xmax>466</xmax>
			<ymax>378</ymax>
		</bndbox>
	</object>
	<object>
		<name>ab_trolley</name>
		<pose>Unspecified</pose>
		<truncated>0</truncated>
		<difficult>0</difficult>
		<bndbox>
			<xmin>134</xmin>
			<ymin>133</ymin>
			<xmax>306</xmax>
			<ymax>385</ymax>
		</bndbox>
	</object>
</annotation>
