<annotation>
	<folder>images</folder>
	<filename>328.jpg</filename>
	<path>C:\Users\lvadlapa\Desktop\trolley\images\328.jpg</path>
	<source>
		<database>Unknown</database>
	</source>
	<size>
		<width>278</width>
		<height>181</height>
		<depth>3</depth>
	</size>
	<segmented>0</segmented>
	<object>
		<name>ab_trolley</name>
		<pose>Unspecified</pose>
		<truncated>0</truncated>
		<difficult>0</difficult>
		<bndbox>
			<xmin>28</xmin>
			<ymin>18</ymin>
			<xmax>137</xmax>
			<ymax>165</ymax>
		</bndbox>
	</object>
</annotation>
