<annotation>
	<folder>images</folder>
	<filename>flipped_312.jpg</filename>
	<path>C:\Users\lvadlapa\Desktop\trolley\images\flipped_312.jpg</path>
	<source>
		<database>Unknown</database>
	</source>
	<size>
		<width>4608</width>
		<height>2112</height>
		<depth>3</depth>
	</size>
	<segmented>0</segmented>
	<object>
		<name>ab_trolley</name>
		<pose>Unspecified</pose>
		<truncated>0</truncated>
		<difficult>0</difficult>
		<bndbox>
			<xmin>1497</xmin>
			<ymin>20</ymin>
			<xmax>4206</xmax>
			<ymax>1694</ymax>
		</bndbox>
	</object>
</annotation>
