<annotation>
	<folder>images</folder>
	<filename>flipped_319.jpg</filename>
	<path>C:\Users\lvadlapa\Desktop\trolley\images\flipped_319.jpg</path>
	<source>
		<database>Unknown</database>
	</source>
	<size>
		<width>450</width>
		<height>500</height>
		<depth>3</depth>
	</size>
	<segmented>0</segmented>
	<object>
		<name>ab_trolley</name>
		<pose>Unspecified</pose>
		<truncated>1</truncated>
		<difficult>0</difficult>
		<bndbox>
			<xmin>26</xmin>
			<ymin>58</ymin>
			<xmax>450</xmax>
			<ymax>489</ymax>
		</bndbox>
	</object>
</annotation>
