<annotation>
	<folder>images</folder>
	<filename>flipped_305.jpg</filename>
	<path>C:\Users\lvadlapa\Desktop\trolley\images\flipped_305.jpg</path>
	<source>
		<database>Unknown</database>
	</source>
	<size>
		<width>475</width>
		<height>646</height>
		<depth>3</depth>
	</size>
	<segmented>0</segmented>
	<object>
		<name>ab_trolley</name>
		<pose>Unspecified</pose>
		<truncated>0</truncated>
		<difficult>0</difficult>
		<bndbox>
			<xmin>66</xmin>
			<ymin>142</ymin>
			<xmax>407</xmax>
			<ymax>619</ymax>
		</bndbox>
	</object>
</annotation>
