<annotation>
	<folder>images</folder>
	<filename>flipped_302.jpg</filename>
	<path>C:\Users\lvadlapa\Desktop\trolley\images\flipped_302.jpg</path>
	<source>
		<database>Unknown</database>
	</source>
	<size>
		<width>310</width>
		<height>465</height>
		<depth>3</depth>
	</size>
	<segmented>0</segmented>
	<object>
		<name>ab_trolley</name>
		<pose>Unspecified</pose>
		<truncated>0</truncated>
		<difficult>0</difficult>
		<bndbox>
			<xmin>43</xmin>
			<ymin>146</ymin>
			<xmax>307</xmax>
			<ymax>452</ymax>
		</bndbox>
	</object>
	<object>
		<name>ab_trolley</name>
		<pose>Unspecified</pose>
		<truncated>0</truncated>
		<difficult>0</difficult>
		<bndbox>
			<xmin>15</xmin>
			<ymin>122</ymin>
			<xmax>138</xmax>
			<ymax>366</ymax>
		</bndbox>
	</object>
</annotation>
