<annotation>
	<folder>images</folder>
	<filename>flipped_303.jpg</filename>
	<path>C:\Users\lvadlapa\Desktop\trolley\images\flipped_303.jpg</path>
	<source>
		<database>Unknown</database>
	</source>
	<size>
		<width>2560</width>
		<height>1600</height>
		<depth>3</depth>
	</size>
	<segmented>0</segmented>
	<object>
		<name>ab_trolley</name>
		<pose>Unspecified</pose>
		<truncated>1</truncated>
		<difficult>0</difficult>
		<bndbox>
			<xmin>546</xmin>
			<ymin>1168</ymin>
			<xmax>928</xmax>
			<ymax>1600</ymax>
		</bndbox>
	</object>
	<object>
		<name>Trolleys</name>
		<pose>Unspecified</pose>
		<truncated>0</truncated>
		<difficult>0</difficult>
		<bndbox>
			<xmin>573</xmin>
			<ymin>953</ymin>
			<xmax>1039</xmax>
			<ymax>1485</ymax>
		</bndbox>
	</object>
</annotation>
