<annotation>
	<folder>images</folder>
	<filename>flipped_324.jpg</filename>
	<path>C:\Users\lvadlapa\Desktop\trolley\images\flipped_324.jpg</path>
	<source>
		<database>Unknown</database>
	</source>
	<size>
		<width>299</width>
		<height>168</height>
		<depth>3</depth>
	</size>
	<segmented>0</segmented>
	<object>
		<name>ab_trolley</name>
		<pose>Unspecified</pose>
		<truncated>0</truncated>
		<difficult>0</difficult>
		<bndbox>
			<xmin>72</xmin>
			<ymin>4</ymin>
			<xmax>202</xmax>
			<ymax>160</ymax>
		</bndbox>
	</object>
</annotation>
