<annotation>
	<folder>images</folder>
	<filename>flipped_326.jpg</filename>
	<path>C:\Users\lvadlapa\Desktop\trolley\images\flipped_326.jpg</path>
	<source>
		<database>Unknown</database>
	</source>
	<size>
		<width>892</width>
		<height>344</height>
		<depth>3</depth>
	</size>
	<segmented>0</segmented>
	<object>
		<name>ab_trolley</name>
		<pose>Unspecified</pose>
		<truncated>0</truncated>
		<difficult>0</difficult>
		<bndbox>
			<xmin>627</xmin>
			<ymin>51</ymin>
			<xmax>870</xmax>
			<ymax>329</ymax>
		</bndbox>
	</object>
	<object>
		<name>Trolleys</name>
		<pose>Unspecified</pose>
		<truncated>0</truncated>
		<difficult>0</difficult>
		<bndbox>
			<xmin>179</xmin>
			<ymin>25</ymin>
			<xmax>598</xmax>
			<ymax>317</ymax>
		</bndbox>
	</object>
	<object>
		<name>StackTrolley</name>
		<pose>Unspecified</pose>
		<truncated>0</truncated>
		<difficult>0</difficult>
		<bndbox>
			<xmin>501</xmin>
			<ymin>51</ymin>
			<xmax>596</xmax>
			<ymax>319</ymax>
		</bndbox>
	</object>
	<object>
		<name>StackTrolley</name>
		<pose>Unspecified</pose>
		<truncated>0</truncated>
		<difficult>0</difficult>
		<bndbox>
			<xmin>410</xmin>
			<ymin>39</ymin>
			<xmax>505</xmax>
			<ymax>307</ymax>
		</bndbox>
	</object>
	<object>
		<name>StackTrolley</name>
		<pose>Unspecified</pose>
		<truncated>0</truncated>
		<difficult>0</difficult>
		<bndbox>
			<xmin>321</xmin>
			<ymin>42</ymin>
			<xmax>416</xmax>
			<ymax>310</ymax>
		</bndbox>
	</object>
</annotation>
