<annotation>
	<folder>images</folder>
	<filename>flipped_300.jpg</filename>
	<path>C:\Users\lvadlapa\Desktop\trolley\images\flipped_300.jpg</path>
	<source>
		<database>Unknown</database>
	</source>
	<size>
		<width>400</width>
		<height>258</height>
		<depth>3</depth>
	</size>
	<segmented>0</segmented>
	<object>
		<name>ab_trolley</name>
		<pose>Unspecified</pose>
		<truncated>0</truncated>
		<difficult>0</difficult>
		<bndbox>
			<xmin>271</xmin>
			<ymin>80</ymin>
			<xmax>355</xmax>
			<ymax>197</ymax>
		</bndbox>
	</object>
	<object>
		<name>Trolleys</name>
		<pose>Unspecified</pose>
		<truncated>0</truncated>
		<difficult>0</difficult>
		<bndbox>
			<xmin>85</xmin>
			<ymin>79</ymin>
			<xmax>243</xmax>
			<ymax>233</ymax>
		</bndbox>
	</object>
</annotation>
