<annotation>
	<folder>images</folder>
	<filename>flipped_323.jpg</filename>
	<path>C:\Users\lvadlapa\Desktop\trolley\images\flipped_323.jpg</path>
	<source>
		<database>Unknown</database>
	</source>
	<size>
		<width>612</width>
		<height>408</height>
		<depth>3</depth>
	</size>
	<segmented>0</segmented>
	<object>
		<name>ab_trolley</name>
		<pose>Unspecified</pose>
		<truncated>0</truncated>
		<difficult>0</difficult>
		<bndbox>
			<xmin>58</xmin>
			<ymin>7</ymin>
			<xmax>453</xmax>
			<ymax>407</ymax>
		</bndbox>
	</object>
</annotation>
