<annotation>
	<folder>images</folder>
	<filename>flipped_304.jpg</filename>
	<path>C:\Users\lvadlapa\Desktop\trolley\images\flipped_304.jpg</path>
	<source>
		<database>Unknown</database>
	</source>
	<size>
		<width>640</width>
		<height>480</height>
		<depth>3</depth>
	</size>
	<segmented>0</segmented>
	<object>
		<name>ab_trolley</name>
		<pose>Unspecified</pose>
		<truncated>0</truncated>
		<difficult>0</difficult>
		<bndbox>
			<xmin>392</xmin>
			<ymin>260</ymin>
			<xmax>455</xmax>
			<ymax>351</ymax>
		</bndbox>
	</object>
</annotation>
