<annotation>
	<folder>images</folder>
	<filename>flipped_320.jpg</filename>
	<path>C:\Users\lvadlapa\Desktop\trolley\images\flipped_320.jpg</path>
	<source>
		<database>Unknown</database>
	</source>
	<size>
		<width>1500</width>
		<height>1000</height>
		<depth>3</depth>
	</size>
	<segmented>0</segmented>
	<object>
		<name>ab_trolley</name>
		<pose>Unspecified</pose>
		<truncated>0</truncated>
		<difficult>0</difficult>
		<bndbox>
			<xmin>83</xmin>
			<ymin>232</ymin>
			<xmax>681</xmax>
			<ymax>963</ymax>
		</bndbox>
	</object>
	<object>
		<name>ab_trolley</name>
		<pose>Unspecified</pose>
		<truncated>0</truncated>
		<difficult>0</difficult>
		<bndbox>
			<xmin>405</xmin>
			<ymin>164</ymin>
			<xmax>837</xmax>
			<ymax>716</ymax>
		</bndbox>
	</object>
	<object>
		<name>Trolleys</name>
		<pose>Unspecified</pose>
		<truncated>0</truncated>
		<difficult>0</difficult>
		<bndbox>
			<xmin>778</xmin>
			<ymin>144</ymin>
			<xmax>1306</xmax>
			<ymax>584</ymax>
		</bndbox>
	</object>
</annotation>
