<annotation>
	<folder>images</folder>
	<filename>flipped_307.jpg</filename>
	<path>C:\Users\lvadlapa\Desktop\trolley\images\flipped_307.jpg</path>
	<source>
		<database>Unknown</database>
	</source>
	<size>
		<width>224</width>
		<height>225</height>
		<depth>3</depth>
	</size>
	<segmented>0</segmented>
	<object>
		<name>ab_trolley</name>
		<pose>Unspecified</pose>
		<truncated>0</truncated>
		<difficult>0</difficult>
		<bndbox>
			<xmin>16</xmin>
			<ymin>6</ymin>
			<xmax>213</xmax>
			<ymax>221</ymax>
		</bndbox>
	</object>
</annotation>
