<annotation>
	<folder>images</folder>
	<filename>flipped_317.jpg</filename>
	<path>C:\Users\lvadlapa\Desktop\trolley\images\flipped_317.jpg</path>
	<source>
		<database>Unknown</database>
	</source>
	<size>
		<width>216</width>
		<height>233</height>
		<depth>3</depth>
	</size>
	<segmented>0</segmented>
	<object>
		<name>ab_trolley</name>
		<pose>Unspecified</pose>
		<truncated>1</truncated>
		<difficult>0</difficult>
		<bndbox>
			<xmin>16</xmin>
			<ymin>17</ymin>
			<xmax>210</xmax>
			<ymax>233</ymax>
		</bndbox>
	</object>
</annotation>
