<annotation>
	<folder>images</folder>
	<filename>flipped_325.jpg</filename>
	<path>C:\Users\lvadlapa\Desktop\trolley\images\flipped_325.jpg</path>
	<source>
		<database>Unknown</database>
	</source>
	<size>
		<width>681</width>
		<height>450</height>
		<depth>3</depth>
	</size>
	<segmented>0</segmented>
	<object>
		<name>ab_trolley</name>
		<pose>Unspecified</pose>
		<truncated>0</truncated>
		<difficult>0</difficult>
		<bndbox>
			<xmin>86</xmin>
			<ymin>130</ymin>
			<xmax>264</xmax>
			<ymax>382</ymax>
		</bndbox>
	</object>
</annotation>
