<annotation>
	<folder>images</folder>
	<filename>flipped_322.jpg</filename>
	<path>C:\Users\lvadlapa\Desktop\trolley\images\flipped_322.jpg</path>
	<source>
		<database>Unknown</database>
	</source>
	<size>
		<width>800</width>
		<height>533</height>
		<depth>3</depth>
	</size>
	<segmented>0</segmented>
	<object>
		<name>ab_trolley</name>
		<pose>Unspecified</pose>
		<truncated>0</truncated>
		<difficult>0</difficult>
		<bndbox>
			<xmin>394</xmin>
			<ymin>78</ymin>
			<xmax>707</xmax>
			<ymax>515</ymax>
		</bndbox>
	</object>
</annotation>
