<annotation>
	<folder>images</folder>
	<filename>flipped_301.jpg</filename>
	<path>C:\Users\lvadlapa\Desktop\trolley\images\flipped_301.jpg</path>
	<source>
		<database>Unknown</database>
	</source>
	<size>
		<width>629</width>
		<height>488</height>
		<depth>3</depth>
	</size>
	<segmented>0</segmented>
	<object>
		<name>ab_trolley</name>
		<pose>Unspecified</pose>
		<truncated>0</truncated>
		<difficult>0</difficult>
		<bndbox>
			<xmin>251</xmin>
			<ymin>133</ymin>
			<xmax>427</xmax>
			<ymax>423</ymax>
		</bndbox>
	</object>
	<object>
		<name>ab_trolley</name>
		<pose>Unspecified</pose>
		<truncated>1</truncated>
		<difficult>0</difficult>
		<bndbox>
			<xmin>441</xmin>
			<ymin>146</ymin>
			<xmax>629</xmax>
			<ymax>450</ymax>
		</bndbox>
	</object>
</annotation>
