<annotation>
	<folder>images</folder>
	<filename>flipped_316.jpg</filename>
	<path>C:\Users\lvadlapa\Desktop\trolley\images\flipped_316.jpg</path>
	<source>
		<database>Unknown</database>
	</source>
	<size>
		<width>260</width>
		<height>194</height>
		<depth>3</depth>
	</size>
	<segmented>0</segmented>
	<object>
		<name>ab_trolley</name>
		<pose>Unspecified</pose>
		<truncated>0</truncated>
		<difficult>0</difficult>
		<bndbox>
			<xmin>22</xmin>
			<ymin>29</ymin>
			<xmax>111</xmax>
			<ymax>188</ymax>
		</bndbox>
	</object>
	<object>
		<name>ab_trolley</name>
		<pose>Unspecified</pose>
		<truncated>1</truncated>
		<difficult>0</difficult>
		<bndbox>
			<xmin>111</xmin>
			<ymin>30</ymin>
			<xmax>203</xmax>
			<ymax>194</ymax>
		</bndbox>
	</object>
</annotation>
