<annotation>
	<folder>images</folder>
	<filename>flipped_308.jpg</filename>
	<path>C:\Users\lvadlapa\Desktop\trolley\images\flipped_308.jpg</path>
	<source>
		<database>Unknown</database>
	</source>
	<size>
		<width>252</width>
		<height>200</height>
		<depth>3</depth>
	</size>
	<segmented>0</segmented>
	<object>
		<name>ab_trolley</name>
		<pose>Unspecified</pose>
		<truncated>1</truncated>
		<difficult>0</difficult>
		<bndbox>
			<xmin>1</xmin>
			<ymin>30</ymin>
			<xmax>107</xmax>
			<ymax>180</ymax>
		</bndbox>
	</object>
	<object>
		<name>ab_trolley</name>
		<pose>Unspecified</pose>
		<truncated>1</truncated>
		<difficult>0</difficult>
		<bndbox>
			<xmin>66</xmin>
			<ymin>60</ymin>
			<xmax>190</xmax>
			<ymax>200</ymax>
		</bndbox>
	</object>
	<object>
		<name>ab_trolley</name>
		<pose>Unspecified</pose>
		<truncated>0</truncated>
		<difficult>0</difficult>
		<bndbox>
			<xmin>183</xmin>
			<ymin>51</ymin>
			<xmax>243</xmax>
			<ymax>192</ymax>
		</bndbox>
	</object>
</annotation>
