<annotation>
	<folder>images</folder>
	<filename>flipped_321.jpg</filename>
	<path>C:\Users\lvadlapa\Desktop\trolley\images\flipped_321.jpg</path>
	<source>
		<database>Unknown</database>
	</source>
	<size>
		<width>1300</width>
		<height>958</height>
		<depth>3</depth>
	</size>
	<segmented>0</segmented>
	<object>
		<name>ab_trolley</name>
		<pose>Unspecified</pose>
		<truncated>0</truncated>
		<difficult>0</difficult>
		<bndbox>
			<xmin>282</xmin>
			<ymin>229</ymin>
			<xmax>694</xmax>
			<ymax>848</ymax>
		</bndbox>
	</object>
</annotation>
