<annotation>
	<folder>images</folder>
	<filename>flipped_306.jpg</filename>
	<path>C:\Users\lvadlapa\Desktop\trolley\images\flipped_306.jpg</path>
	<source>
		<database>Unknown</database>
	</source>
	<size>
		<width>450</width>
		<height>350</height>
		<depth>3</depth>
	</size>
	<segmented>0</segmented>
	<object>
		<name>ab_trolley</name>
		<pose>Unspecified</pose>
		<truncated>0</truncated>
		<difficult>0</difficult>
		<bndbox>
			<xmin>80</xmin>
			<ymin>69</ymin>
			<xmax>241</xmax>
			<ymax>292</ymax>
		</bndbox>
	</object>
	<object>
		<name>ab_trolley</name>
		<pose>Unspecified</pose>
		<truncated>0</truncated>
		<difficult>0</difficult>
		<bndbox>
			<xmin>241</xmin>
			<ymin>72</ymin>
			<xmax>389</xmax>
			<ymax>291</ymax>
		</bndbox>
	</object>
</annotation>
