<annotation>
	<folder>abandoned</folder>
	<filename>234.jpg</filename>
	<path>C:\Users\lvadlapa\Desktop\Heathrow\Dataset\abandoned\234.jpg</path>
	<source>
		<database>Unknown</database>
	</source>
	<size>
		<width>268</width>
		<height>188</height>
		<depth>3</depth>
	</size>
	<segmented>0</segmented>
	<object>
		<name>StackTrolley</name>
		<pose>Unspecified</pose>
		<truncated>0</truncated>
		<difficult>0</difficult>
		<bndbox>
			<xmin>33</xmin>
			<ymin>27</ymin>
			<xmax>71</xmax>
			<ymax>40</ymax>
		</bndbox>
	</object>
	<object>
		<name>StackTrolley</name>
		<pose>Unspecified</pose>
		<truncated>0</truncated>
		<difficult>0</difficult>
		<bndbox>
			<xmin>71</xmin>
			<ymin>27</ymin>
			<xmax>109</xmax>
			<ymax>40</ymax>
		</bndbox>
	</object>
</annotation>
