<annotation>
	<folder>abandoned</folder>
	<filename>238.jpg</filename>
	<path>C:\Users\lvadlapa\Desktop\Heathrow\Dataset\abandoned\238.jpg</path>
	<source>
		<database>Unknown</database>
	</source>
	<size>
		<width>224</width>
		<height>224</height>
		<depth>3</depth>
	</size>
	<segmented>0</segmented>
	<object>
		<name>ab_trolley</name>
		<pose>Unspecified</pose>
		<truncated>0</truncated>
		<difficult>0</difficult>
		<bndbox>
			<xmin>24</xmin>
			<ymin>16</ymin>
			<xmax>204</xmax>
			<ymax>206</ymax>
		</bndbox>
	</object>
</annotation>
