<annotation>
	<folder>Abandoned trolley</folder>
	<filename>300.jpg</filename>
	<path>C:\Users\lvadlapa\Desktop\Abandonedupload\Abandoned trolley\300.jpg</path>
	<source>
		<database>Unknown</database>
	</source>
	<size>
		<width>475</width>
		<height>646</height>
		<depth>3</depth>
	</size>
	<segmented>0</segmented>
	<object>
		<name>ab_trolley</name>
		<pose>Unspecified</pose>
		<truncated>0</truncated>
		<difficult>0</difficult>
		<bndbox>
			<xmin>84</xmin>
			<ymin>147</ymin>
			<xmax>401</xmax>
			<ymax>625</ymax>
		</bndbox>
	</object>
</annotation>
