<annotation>
	<folder>Abandoned trolley</folder>
	<filename>302.jpg</filename>
	<path>C:\Users\lvadlapa\Desktop\Abandonedupload\Abandoned trolley\302.jpg</path>
	<source>
		<database>Unknown</database>
	</source>
	<size>
		<width>582</width>
		<height>526</height>
		<depth>3</depth>
	</size>
	<segmented>0</segmented>
	<object>
		<name>ab_trolley</name>
		<pose>Unspecified</pose>
		<truncated>0</truncated>
		<difficult>0</difficult>
		<bndbox>
			<xmin>114</xmin>
			<ymin>60</ymin>
			<xmax>484</xmax>
			<ymax>425</ymax>
		</bndbox>
	</object>
</annotation>
