<annotation>
	<folder>Abandoned trolley</folder>
	<filename>303.jpg</filename>
	<path>C:\Users\lvadlapa\Desktop\Abandonedupload\Abandoned trolley\303.jpg</path>
	<source>
		<database>Unknown</database>
	</source>
	<size>
		<width>754</width>
		<height>407</height>
		<depth>3</depth>
	</size>
	<segmented>0</segmented>
	<object>
		<name>ab_trolley</name>
		<pose>Unspecified</pose>
		<truncated>0</truncated>
		<difficult>0</difficult>
		<bndbox>
			<xmin>84</xmin>
			<ymin>12</ymin>
			<xmax>348</xmax>
			<ymax>396</ymax>
		</bndbox>
	</object>
	<object>
		<name>ab_trolley</name>
		<pose>Unspecified</pose>
		<truncated>0</truncated>
		<difficult>0</difficult>
		<bndbox>
			<xmin>416</xmin>
			<ymin>15</ymin>
			<xmax>677</xmax>
			<ymax>395</ymax>
		</bndbox>
	</object>
</annotation>
