<annotation>
	<folder>Abandoned trolley</folder>
	<filename>307.jpg</filename>
	<path>C:\Users\lvadlapa\Desktop\Abandonedupload\Abandoned trolley\307.jpg</path>
	<source>
		<database>Unknown</database>
	</source>
	<size>
		<width>649</width>
		<height>473</height>
		<depth>3</depth>
	</size>
	<segmented>0</segmented>
	<object>
		<name>ab_trolley</name>
		<pose>Unspecified</pose>
		<truncated>0</truncated>
		<difficult>0</difficult>
		<bndbox>
			<xmin>122</xmin>
			<ymin>35</ymin>
			<xmax>462</xmax>
			<ymax>442</ymax>
		</bndbox>
	</object>
</annotation>
