<annotation>
	<folder>Abandoned trolley</folder>
	<filename>316.jpg</filename>
	<path>C:\Users\lvadlapa\Desktop\Abandonedupload\Abandoned trolley\316.jpg</path>
	<source>
		<database>Unknown</database>
	</source>
	<size>
		<width>252</width>
		<height>200</height>
		<depth>3</depth>
	</size>
	<segmented>0</segmented>
	<object>
		<name>ab_trolley</name>
		<pose>Unspecified</pose>
		<truncated>0</truncated>
		<difficult>0</difficult>
		<bndbox>
			<xmin>146</xmin>
			<ymin>33</ymin>
			<xmax>251</xmax>
			<ymax>188</ymax>
		</bndbox>
	</object>
	<object>
		<name>ab_trolley</name>
		<pose>Unspecified</pose>
		<truncated>1</truncated>
		<difficult>0</difficult>
		<bndbox>
			<xmin>43</xmin>
			<ymin>58</ymin>
			<xmax>192</xmax>
			<ymax>200</ymax>
		</bndbox>
	</object>
	<object>
		<name>ab_trolley</name>
		<pose>Unspecified</pose>
		<truncated>1</truncated>
		<difficult>0</difficult>
		<bndbox>
			<xmin>1</xmin>
			<ymin>34</ymin>
			<xmax>70</xmax>
			<ymax>199</ymax>
		</bndbox>
	</object>
</annotation>
