<annotation>
	<folder>Abandoned trolley</folder>
	<filename>323.jpg</filename>
	<path>C:\Users\lvadlapa\Desktop\Abandonedupload\Abandoned trolley\323.jpg</path>
	<source>
		<database>Unknown</database>
	</source>
	<size>
		<width>554</width>
		<height>554</height>
		<depth>3</depth>
	</size>
	<segmented>0</segmented>
	<object>
		<name>ab_trolley</name>
		<pose>Unspecified</pose>
		<truncated>0</truncated>
		<difficult>0</difficult>
		<bndbox>
			<xmin>17</xmin>
			<ymin>5</ymin>
			<xmax>520</xmax>
			<ymax>547</ymax>
		</bndbox>
	</object>
</annotation>
