<annotation>
	<folder>Abandoned trolley</folder>
	<filename>335.jpg</filename>
	<path>C:\Users\lvadlapa\Desktop\Abandonedupload\Abandoned trolley\335.jpg</path>
	<source>
		<database>Unknown</database>
	</source>
	<size>
		<width>500</width>
		<height>500</height>
		<depth>3</depth>
	</size>
	<segmented>0</segmented>
	<object>
		<name>ab_trolley</name>
		<pose>Unspecified</pose>
		<truncated>0</truncated>
		<difficult>0</difficult>
		<bndbox>
			<xmin>106</xmin>
			<ymin>4</ymin>
			<xmax>390</xmax>
			<ymax>499</ymax>
		</bndbox>
	</object>
</annotation>
