<annotation>
	<folder>Abandoned trolley</folder>
	<filename>342.jpg</filename>
	<path>C:\Users\lvadlapa\Desktop\Abandonedupload\Abandoned trolley\342.jpg</path>
	<source>
		<database>Unknown</database>
	</source>
	<size>
		<width>574</width>
		<height>430</height>
		<depth>3</depth>
	</size>
	<segmented>0</segmented>
	<object>
		<name>ab_trolley</name>
		<pose>Unspecified</pose>
		<truncated>0</truncated>
		<difficult>0</difficult>
		<bndbox>
			<xmin>49</xmin>
			<ymin>81</ymin>
			<xmax>230</xmax>
			<ymax>365</ymax>
		</bndbox>
	</object>
	<object>
		<name>ab_trolley</name>
		<pose>Unspecified</pose>
		<truncated>0</truncated>
		<difficult>0</difficult>
		<bndbox>
			<xmin>221</xmin>
			<ymin>76</ymin>
			<xmax>372</xmax>
			<ymax>371</ymax>
		</bndbox>
	</object>
	<object>
		<name>ab_trolley</name>
		<pose>Unspecified</pose>
		<truncated>0</truncated>
		<difficult>0</difficult>
		<bndbox>
			<xmin>369</xmin>
			<ymin>77</ymin>
			<xmax>533</xmax>
			<ymax>402</ymax>
		</bndbox>
	</object>
	<object>
		<name>Trolleys</name>
		<pose>Unspecified</pose>
		<truncated>1</truncated>
		<difficult>0</difficult>
		<bndbox>
			<xmin>1</xmin>
			<ymin>82</ymin>
			<xmax>89</xmax>
			<ymax>219</ymax>
		</bndbox>
	</object>
</annotation>
