<annotation>
	<folder>Abandoned trolley</folder>
	<filename>344.jpg</filename>
	<path>C:\Users\lvadlapa\Desktop\Abandonedupload\Abandoned trolley\344.jpg</path>
	<source>
		<database>Unknown</database>
	</source>
	<size>
		<width>475</width>
		<height>646</height>
		<depth>3</depth>
	</size>
	<segmented>0</segmented>
	<object>
		<name>ab_trolley</name>
		<pose>Unspecified</pose>
		<truncated>0</truncated>
		<difficult>0</difficult>
		<bndbox>
			<xmin>64</xmin>
			<ymin>132</ymin>
			<xmax>406</xmax>
			<ymax>628</ymax>
		</bndbox>
	</object>
</annotation>
