<annotation>
	<folder>Abandoned trolley</folder>
	<filename>347.jpg</filename>
	<path>C:\Users\lvadlapa\Desktop\Abandonedupload\Abandoned trolley\347.jpg</path>
	<source>
		<database>Unknown</database>
	</source>
	<size>
		<width>754</width>
		<height>407</height>
		<depth>3</depth>
	</size>
	<segmented>0</segmented>
	<object>
		<name>ab_trolley</name>
		<pose>Unspecified</pose>
		<truncated>0</truncated>
		<difficult>0</difficult>
		<bndbox>
			<xmin>46</xmin>
			<ymin>10</ymin>
			<xmax>354</xmax>
			<ymax>395</ymax>
		</bndbox>
	</object>
	<object>
		<name>ab_trolley</name>
		<pose>Unspecified</pose>
		<truncated>0</truncated>
		<difficult>0</difficult>
		<bndbox>
			<xmin>391</xmin>
			<ymin>13</ymin>
			<xmax>703</xmax>
			<ymax>400</ymax>
		</bndbox>
	</object>
</annotation>
