<annotation>
	<folder>Abandoned trolley</folder>
	<filename>349.jpg</filename>
	<path>C:\Users\lvadlapa\Desktop\Abandonedupload\Abandoned trolley\349.jpg</path>
	<source>
		<database>Unknown</database>
	</source>
	<size>
		<width>649</width>
		<height>473</height>
		<depth>3</depth>
	</size>
	<segmented>0</segmented>
	<object>
		<name>ab_trolley</name>
		<pose>Unspecified</pose>
		<truncated>0</truncated>
		<difficult>0</difficult>
		<bndbox>
			<xmin>131</xmin>
			<ymin>16</ymin>
			<xmax>553</xmax>
			<ymax>441</ymax>
		</bndbox>
	</object>
</annotation>
