<annotation>
	<folder>Abandoned trolley</folder>
	<filename>353.jpg</filename>
	<path>C:\Users\lvadlapa\Desktop\Abandonedupload\Abandoned trolley\353.jpg</path>
	<source>
		<database>Unknown</database>
	</source>
	<size>
		<width>390</width>
		<height>280</height>
		<depth>3</depth>
	</size>
	<segmented>0</segmented>
	<object>
		<name>ab_trolley</name>
		<pose>Unspecified</pose>
		<truncated>0</truncated>
		<difficult>0</difficult>
		<bndbox>
			<xmin>186</xmin>
			<ymin>53</ymin>
			<xmax>338</xmax>
			<ymax>248</ymax>
		</bndbox>
	</object>
	<object>
		<name>Trolleys</name>
		<pose>Unspecified</pose>
		<truncated>0</truncated>
		<difficult>0</difficult>
		<bndbox>
			<xmin>4</xmin>
			<ymin>53</ymin>
			<xmax>178</xmax>
			<ymax>163</ymax>
		</bndbox>
	</object>
	<object>
		<name>Trolleys</name>
		<pose>Unspecified</pose>
		<truncated>1</truncated>
		<difficult>0</difficult>
		<bndbox>
			<xmin>306</xmin>
			<ymin>49</ymin>
			<xmax>390</xmax>
			<ymax>119</ymax>
		</bndbox>
	</object>
	<object>
		<name>StackTrolley</name>
		<pose>Unspecified</pose>
		<truncated>0</truncated>
		<difficult>0</difficult>
		<bndbox>
			<xmin>147</xmin>
			<ymin>51</ymin>
			<xmax>170</xmax>
			<ymax>63</ymax>
		</bndbox>
	</object>
	<object>
		<name>StackTrolley</name>
		<pose>Unspecified</pose>
		<truncated>0</truncated>
		<difficult>0</difficult>
		<bndbox>
			<xmin>117</xmin>
			<ymin>54</ymin>
			<xmax>144</xmax>
			<ymax>63</ymax>
		</bndbox>
	</object>
	<object>
		<name>StackTrolley</name>
		<pose>Unspecified</pose>
		<truncated>0</truncated>
		<difficult>0</difficult>
		<bndbox>
			<xmin>93</xmin>
			<ymin>55</ymin>
			<xmax>117</xmax>
			<ymax>64</ymax>
		</bndbox>
	</object>
	<object>
		<name>StackTrolley</name>
		<pose>Unspecified</pose>
		<truncated>0</truncated>
		<difficult>0</difficult>
		<bndbox>
			<xmin>63</xmin>
			<ymin>57</ymin>
			<xmax>91</xmax>
			<ymax>68</ymax>
		</bndbox>
	</object>
	<object>
		<name>StackTrolley</name>
		<pose>Unspecified</pose>
		<truncated>0</truncated>
		<difficult>0</difficult>
		<bndbox>
			<xmin>38</xmin>
			<ymin>57</ymin>
			<xmax>63</xmax>
			<ymax>63</ymax>
		</bndbox>
	</object>
	<object>
		<name>StackTrolley</name>
		<pose>Unspecified</pose>
		<truncated>0</truncated>
		<difficult>0</difficult>
		<bndbox>
			<xmin>11</xmin>
			<ymin>55</ymin>
			<xmax>33</xmax>
			<ymax>68</ymax>
		</bndbox>
	</object>
</annotation>
