<annotation>
	<folder>Abandoned trolley</folder>
	<filename>368.jpg</filename>
	<path>C:\Users\lvadlapa\Desktop\Abandonedupload\Abandoned trolley\368.jpg</path>
	<source>
		<database>Unknown</database>
	</source>
	<size>
		<width>565</width>
		<height>750</height>
		<depth>3</depth>
	</size>
	<segmented>0</segmented>
	<object>
		<name>ab_trolley</name>
		<pose>Unspecified</pose>
		<truncated>0</truncated>
		<difficult>0</difficult>
		<bndbox>
			<xmin>28</xmin>
			<ymin>16</ymin>
			<xmax>542</xmax>
			<ymax>748</ymax>
		</bndbox>
	</object>
</annotation>
