<annotation>
	<folder>Abandoned trolley</folder>
	<filename>373.jpg</filename>
	<path>C:\Users\lvadlapa\Desktop\Abandonedupload\Abandoned trolley\373.jpg</path>
	<source>
		<database>Unknown</database>
	</source>
	<size>
		<width>554</width>
		<height>554</height>
		<depth>1</depth>
	</size>
	<segmented>0</segmented>
	<object>
		<name>ab_trolley</name>
		<pose>Unspecified</pose>
		<truncated>1</truncated>
		<difficult>0</difficult>
		<bndbox>
			<xmin>37</xmin>
			<ymin>15</ymin>
			<xmax>428</xmax>
			<ymax>554</ymax>
		</bndbox>
	</object>
</annotation>
