<annotation>
	<folder>Abandoned trolley</folder>
	<filename>380.jpg</filename>
	<path>C:\Users\lvadlapa\Desktop\Abandonedupload\Abandoned trolley\380.jpg</path>
	<source>
		<database>Unknown</database>
	</source>
	<size>
		<width>3197</width>
		<height>3198</height>
		<depth>3</depth>
	</size>
	<segmented>0</segmented>
	<object>
		<name>ab_trolley</name>
		<pose>Unspecified</pose>
		<truncated>0</truncated>
		<difficult>0</difficult>
		<bndbox>
			<xmin>221</xmin>
			<ymin>15</ymin>
			<xmax>3029</xmax>
			<ymax>3161</ymax>
		</bndbox>
	</object>
</annotation>
